Country Name,Country Code,2002,2003,2004,2005,2006,2007,2008,2009,2010,2011,2012,2013,2014
Afghanistan,AFG,94.22206534,93.10153245,94.95695318,96.49889894,92.87616298,106.8518482,93.96809327,120.1189823,139.2750175,162.8910599,191.5353566,187.9355422,183.2182948
Angola,AGO,117.0030528,116.9875652,117.0217733,115.7009289,113.5197675,111.7573769,109.400337,105.7292355,101.1603497,99.20569412,99.65249138,100.0349905,100.2158354
Albania,ALB,88.73571441,88.81643214,89.14783485,89.48314917,89.76455776,90.04373095,101.521235,108.3143799,106.5117821,77.10368698,71.80523836,81.34896401,76.92398093
Andorra,AND,,,,,,,,,,,,,
Arab World,ARB,135.8396813,135.4777113,154.9264544,157.9164368,172.3920813,182.2731413,188.5326705,215.7564857,224.9630449,195.6487849,186.7782026,184.5408803,181.6017871
United Arab Emirates,ARE,130.6239929,153.5003804,180.4911752,200.0297509,206.0812941,210.3698653,199.9304837,178.5839256,168.2514382,177.4410211,178.2151305,173.746552,170.3615787
Argentina,ARG,101.5689968,128.6400668,132.7834976,131.8439138,147.156381,141.2726704,132.4476031,129.3308824,141.5771853,133.2511716,149.2712534,134.428023,130.753592
Armenia,ARM,113.5777338,106.5514055,97.83046027,91.68995737,86.20982335,80.84001952,103.185768,128.9351754,149.5088376,126.2481388,126.8584964,128.3345867,145.5710518
American Samoa,ASM,,,,,,,,,,,,,
Antigua and Barbuda,ATG,,,,,,,,,,,,,
Australia,AUS,85.00687656,89.48536827,91.81880091,95.12330023,90.02096866,97.93814182,95.72448799,83.19903252,93.59784171,90.77715405,88.28850771,87.31320083,88.49651561
Austria,AUT,85.80611,84.35348574,97.1849439,89.45586933,99.8667944,104.6830788,102.7123823,90.7389049,98.48580389,103.9547455,97.11183562,107.1788285,93.98596248
Azerbaijan,AZE,86.24678726,81.62981116,82.69753604,82.74174009,76.398592,60.1737222,52.54999722,121.1139559,91.54754867,107.1595472,133.5066481,137.2667091,137.946782
Burundi,BDI,52.91128618,52.14024386,51.7502181,49.95561266,47.65022517,44.77575141,44.04499633,46.74915609,47.36135896,47.04958465,46.79780197,46.86629555,45.97202268
Belgium,BEL,94.77882004,87.36049924,124.0611474,105.3184396,120.2337764,122.2619981,108.0465019,104.7277133,99.74140371,100.085351,92.33250113,90.96716348,93.10244722
Benin,BEN,57.37392824,68.07760609,80.01686419,86.99924888,100.4815347,111.4065193,121.7191096,154.3160569,186.3846604,114.5222454,113.7497576,115.2082079,113.1442817
Burkina Faso,BFA,127.0536288,133.0596159,132.7937474,139.4362822,140.7620049,147.4304633,158.9890751,166.0272656,179.3544187,188.3518667,202.0876761,219.7517296,239.2857184
Bangladesh,BGD,98.56639495,88.97718817,126.7822994,173.3342142,208.9870471,193.4242614,174.7869011,157.0982295,129.9899039,123.6662852,116.8548753,110.953886,121.3612901
Bulgaria,BGR,81.11165663,82.06093826,95.33864068,90.40594001,107.7013175,110.460193,83.26218097,77.78720898,86.57906121,90.86333338,88.09628375,84.98874895,99.80257507
Bahrain,BHR,551.0292618,613.3563818,712.7781449,774.2198019,877.5795169,1017.207227,1001.118844,582.8354673,488.1115996,517.765488,499.5085062,531.2750691,564.9130565
"Bahamas, The",BHS,126.2010337,143.5966285,141.7916041,144.1311007,125.5312237,131.8508395,141.0755926,134.6932537,125.8444983,119.389164,110.7792426,116.5784189,132.0541335
Bosnia and Herzegovina,BIH,114.2314511,113.4689931,112.6402285,111.090659,109.912394,114.2130553,116.2958537,112.5407914,110.8070322,105.7627816,100.7684617,96.4786063,106.8590294
Belarus,BLR,78.37987509,77.83495168,77.59052415,76.70403837,75.2545533,73.67496517,72.54981357,71.3795588,71.26427229,71.44573746,70.3050538,69.60006292,69.11116439
Belize,BLZ,188.7343664,195.2873762,199.5907825,204.0501534,209.0497648,191.8912146,204.1830555,195.1293392,193.7078951,197.8774268,200.1125645,224.6741089,240.154988
Bermuda,BMU,,,,,,,,,,,,,
Bolivia,BOL,154.0054729,155.0636102,158.2505668,163.0682871,166.1072435,171.2582679,173.7212496,141.2925951,143.802597,153.3602526,180.0239255,107.6669876,229.4370843
Brazil,BRA,154.2839898,160.1288068,162.7595838,160.304163,166.0249995,167.3445952,170.0687071,166.0766955,164.3674625,162.2909077,151.078581,147.127311,142.4869402
Barbados,BRB,124.5030238,117.4904018,111.7873308,130.0810816,118.1663842,121.1393534,126.1878237,98.1959058,95.67345532,126.6175939,120.1921591,115.4429457,131.7586175
Brunei Darussalam,BRN,131.8789358,132.3710763,127.9403214,123.6983004,128.6853865,131.116296,123.3274598,118.1689124,121.0798072,126.1168981,123.2844431,116.3850709,112.5240323
Bhutan,BTN,169.5480477,157.9951754,130.9233991,88.38981356,107.0694984,115.6237988,131.7458617,135.7598291,142.7071483,165.3381163,97.96294269,108.3624087,114.8077476
Botswana,BWA,134.1134114,128.7753569,130.6620162,132.874629,137.0764209,144.9104534,151.4315216,153.241513,146.0883774,148.3081521,147.196382,148.1403621,147.4264509
Central African Republic,CAF,113.497022,112.3822416,112.8407079,112.9320654,112.6143539,112.1425441,112.5306928,113.5820436,114.1957466,113.6680966,114.6333121,111.6344856,115.0205159
Canada,CAN,76.07593088,76.84986179,78.9498293,75.0478256,80.9824078,82.01567674,77.75467168,66.94413923,72.61413366,77.00211319,79.18790621,80.4845944,79.49642835
Central Europe and the Baltics,CEB,100.0018441,106.1310452,98.1703607,100.311396,107.592865,109.3568535,113.1128293,97.05606204,102.1180857,106.2219471,107.0799359,108.4649327,107.1474093
Switzerland,CHE,55.01822328,105.0990808,91.50074581,107.3066921,94.25970412,107.0754031,110.8689124,112.6506012,111.5735394,105.0899396,92.79990848,100.7707396,99.25702197
Channel Islands,CHI,97.78212341,98.99707914,101.0855568,101.7415688,101.751777,102.9809732,99.64258284,92.3934255,92.97980094,99.87082756,98.31274257,96.73557475,97.40860741
Chile,CHL,141.1008073,153.8581753,155.4842254,162.7333277,150.5556675,148.5745975,148.0801316,132.7428401,126.6188727,135.2750874,130.9358242,134.1577731,133.950743
China,CHN,79.07493017,79.15128969,79.24689068,79.38455689,79.54633638,79.72746592,79.91704352,80.13113471,80.36861026,80.60444483,80.78940905,81.00612054,81.18376885
Cote d'Ivoire,CIV,87.70039606,87.93995401,88.85205134,90.02198413,89.8751111,90.33984783,91.04404338,91.04082844,91.35277383,88.52189444,92.30769583,142.4972258,153.1320346
Cameroon,CMR,89.2989592,94.46104525,101.5986299,105.2321953,111.5451203,121.4009707,129.3660452,136.0016601,144.1816089,136.834295,129.713975,123.3830852,117.9051028
"Congo, Dem. Rep.",COD,59.28052943,59.59502928,58.81604307,58.09709968,57.98214061,57.19612352,56.66208628,60.19336435,60.75168204,60.1681542,61.02568537,61.20738966,61.42755818
"Congo, Rep.",COG,94.49969426,94.02355119,93.74526334,94.97138052,97.98166611,99.56468302,101.3795144,105.9754925,101.9672962,97.44076635,93.45209313,93.64164652,95.98445567
Colombia,COL,155.3174955,161.6588977,162.0931295,170.5494522,166.4563961,162.2178642,165.3546831,168.321428,167.1809172,165.2826918,170.4182659,175.6349071,164.7737709
Comoros,COM,78.23708794,77.84827008,77.65130944,77.73957112,76.50352383,76.63043643,77.21438178,77.51541931,78.24091764,78.03260207,78.37992799,79.10534491,78.24609317
Cabo Verde,CPV,111.0599788,111.52629,112.0609618,111.7199638,113.1167058,115.4983754,114.2474062,109.933121,108.7567672,110.1868093,108.8903274,107.5600206,107.7415667
Costa Rica,CRI,135.876209,132.215463,144.6601903,179.068983,179.9598077,176.9451733,124.4823853,132.7560741,136.946996,162.3726912,143.8291782,138.3692889,141.9098371
Caribbean small states,CSS,151.4400404,157.5685355,161.0509925,167.2652553,168.7265765,181.475401,166.6110114,157.9472745,165.3456244,171.2932782,158.5042356,160.1269871,178.7896736
Cuba,CUB,119.5462702,129.6437086,97.73908185,91.86074454,94.6379356,83.98268548,105.136135,99.18102778,87.22309225,88.807814,82.90464049,86.57537594,96.05091514
Curacao,CUW,,,,,,,,,,,,,
Cayman Islands,CYM,,,,,,,,,,,,,
Cyprus,CYP,101.585329,101.0591426,125.2586344,117.8621905,128.4600818,92.80480599,113.9636848,104.4587474,109.1619845,94.45272463,93.76606974,91.06420698,93.37110723
Czech Republic,CZE,96.74607364,109.0869327,84.13592791,98.36488652,112.2338891,103.4287807,100.8011309,100.4024473,101.2540392,99.14996285,95.79679632,104.409627,113.7085504
Germany,DEU,65.33731379,59.03410823,66.56017366,83.49197081,84.89826153,87.74362254,90.43005747,78.5484918,81.90805131,84.61789542,83.92816107,83.67202256,84.44844235
Djibouti,DJI,98.10561989,99.24130206,99.77837355,100.4253387,102.3812992,104.0165244,105.0476873,103.5628941,102.6574902,104.8113639,105.3400071,106.527664,106.7762087
Dominica,DMA,,,,,,,,,,,,,
Denmark,DNK,59.39109366,84.69976303,83.72728425,99.44342087,94.75954695,97.02592666,117.3411187,77.63078543,73.14139601,81.22281958,91.55217212,83.03735265,83.76594938
Dominican Republic,DOM,212.9039253,187.0786372,236.7184859,171.3310588,245.4885238,227.8679103,251.9300427,243.0950826,195.6841561,177.8193699,166.9724746,226.9721259,224.7917008
Algeria,DZA,97.80314984,101.5889103,98.41793446,112.4738701,129.5277573,141.4697629,160.8383029,180.9652604,197.8089365,178.5160208,156.7083385,183.0656159,173.003053
East Asia & Pacific (excluding high income),EAP,91.38142925,92.01010885,92.38218925,92.453095,91.48527189,90.93175728,90.29370297,90.52941717,91.54252342,92.86805969,91.75290321,92.98790659,93.53947559
Early-demographic dividend,EAR,109.9497699,113.8476768,125.5663786,130.3499334,133.5675088,133.1311086,134.7921484,127.4913133,130.3603557,128.9241098,128.5485782,127.4021749,130.075485
East Asia & Pacific,EAS,90.46259486,90.9940586,91.51132024,91.52912982,90.96411446,90.39856668,89.93937076,90.01024053,91.05834981,92.12802564,91.74856159,92.86441472,92.93745675
Europe & Central Asia (excluding high income),ECA,102.8514253,103.3970059,105.4490756,106.5569653,104.8370394,99.498992,105.2583822,101.7902777,103.2531272,106.7203872,110.2495615,110.5670674,108.9612332
Europe & Central Asia,ECS,103.6786131,102.8730977,104.4304114,106.1323598,106.7024091,104.0666657,105.0022283,97.73710468,99.71574538,102.4621451,102.9277418,103.3622033,101.796555
Ecuador,ECU,126.8440649,106.4693787,132.1537811,148.5173604,157.822916,119.4799212,145.7385973,154.3414964,161.4538218,159.951326,146.5226209,160.1475471,157.2788594
"Egypt, Arab Rep.",EGY,178.1008256,166.3334586,230.8989532,220.1828122,251.0697229,256.9498824,284.0408659,321.5517209,363.0472733,225.1099383,188.8054218,166.9264477,162.1552191
Euro area,EMU,114.5013941,108.0670946,108.2297507,111.8445933,115.4546794,114.4672086,106.5676544,95.32020157,97.14553963,99.45715765,96.07980822,96.63345049,95.5069566
Eritrea,ERI,114.3895973,113.6112732,112.0692839,112.712832,109.966708,109.4755514,108.704838,109.8085618,108.9436604,109.4523792,108.8916029,109.0258047,108.787598
Spain,ESP,164.4352252,137.6832764,135.6184768,139.7417646,143.3729258,142.6136331,108.1815879,92.48292528,91.93917642,91.35631381,95.0175708,97.07841317,98.9592613
Estonia,EST,143.9047186,135.0298455,89.41498216,86.0036074,151.7742587,59.0134104,90.03036247,69.44062825,82.94971596,86.58003196,81.30775665,111.4521767,52.05787138
Ethiopia,ETH,187.2012561,182.6753629,185.3622572,177.5618962,176.7308544,172.0488991,170.331074,170.7178147,169.4526548,173.5099396,175.9221783,171.4784756,175.7167057
European Union,EUU,104.7513031,102.159064,102.00796,104.5183366,108.1982173,108.57131,104.192224,92.94954391,95.88583936,97.84035085,95.70312337,96.34447745,95.17931164
Fragile and conflict affected situations,FCS,100.4583493,103.0002283,106.0629022,108.5698632,111.4008119,114.8223642,110.4410592,125.2134824,124.3615903,125.8970848,129.2329227,132.3045053,133.3497237
Finland,FIN,98.78622154,103.2424052,99.18713844,95.82310882,98.51701764,102.4656329,93.81388479,79.34175852,80.46874842,85.22272237,90.95006265,74.80054264,80.91436858
Fiji,FJI,220.2664751,221.9086185,228.3768449,227.66196,209.0105616,192.8334337,181.7338431,165.8155836,155.9361435,147.7932004,151.0179458,160.5685949,166.3655649
France,FRA,119.1955102,110.5839399,100.6524966,109.7602559,111.0786873,106.5683809,97.82809775,90.33909631,104.0179568,106.141257,96.11792285,102.525725,92.07580956
Faroe Islands,FRO,,,,,,,,,,,,,
"Micronesia, Fed. Sts.",FSM,,,,,,,,,,,,,
Gabon,GAB,133.3856274,136.6340122,140.4137429,143.8273958,142.0987315,143.2103181,141.9259295,138.0156295,137.4895842,139.0155585,139.0139342,138.8078,138.5896118
United Kingdom,GBR,68.60025742,72.72234343,84.03310712,77.46889608,77.35775473,79.82399906,75.62010487,73.9537856,80.35886729,78.25181734,76.33330599,78.93839633,78.21131092
Georgia,GEO,96.97623553,158.0847967,131.5600747,114.1862594,110.6941365,132.3137693,125.4945685,133.1349646,122.066695,118.1480493,112.6737122,102.9897573,85.20179412
Ghana,GHA,99.02692939,98.2888212,97.9850077,97.32689714,96.73465069,100.9023486,108.9604542,114.5003466,121.3452034,119.9119043,115.2749362,106.2346093,99.5272976
Gibraltar,GIB,,,,,,,,,,,,,
Guinea,GIN,67.68355273,67.38152192,68.18956216,66.71383556,64.80132548,63.68312976,61.90054667,63.74233358,66.34989447,65.30324071,65.73517248,65.33851875,64.71221653
"Gambia, The",GMB,171.9576648,176.3685377,183.1145141,181.6047685,185.799582,184.1995412,182.9457342,183.577315,184.4606391,182.0520433,190.4426746,184.327677,184.8178279
Guinea-Bissau,GNB,104.8113001,105.3510011,104.6141971,104.0210217,103.1069539,103.8455823,103.600904,104.3237423,104.659496,104.5442593,102.9122514,104.2829544,104.9191289
Equatorial Guinea,GNQ,113.9003482,111.365631,111.7535743,110.3510842,108.9442924,110.4466597,111.5830883,111.6992552,109.7230883,110.2916737,112.7294652,110.7070023,110.0865125
Greece,GRC,185.9753451,196.7912118,189.5544861,182.112014,195.5028643,204.7199748,168.2069968,170.9578029,151.0827518,133.5727421,130.4916505,118.8649727,122.8893072
Grenada,GRD,,,,,,,,,,,,,
Greenland,GRL,,,,,,,,,,,,,
Guatemala,GTM,131.9881809,132.2747517,163.2574906,162.1067004,168.181815,174.7065107,162.3110389,141.4393086,139.4787328,304.7427378,174.139788,109.3767477,186.3485744
Guam,GUM,88.13077436,97.92181266,110.9537834,126.9992869,113.6706026,142.8837889,134.082137,119.5580329,133.5018823,144.1045368,102.720525,101.8076338,107.1310638
Guyana,GUY,152.3694483,153.2669707,155.577544,157.2152433,160.1369551,163.8800615,162.037568,159.7921866,161.3250408,163.3349203,163.8320533,163.7200931,163.8104843
High income,HIC,97.60732989,96.79703658,98.38869997,98.12255811,102.5090386,103.0960221,101.1400704,95.39260563,98.13364062,102.9765384,103.3913534,103.3089872,101.7669781
"Hong Kong SAR, China",HKG,65.48324428,63.66125882,60.88134479,57.67883256,62.64127473,65.21028263,66.17845306,66.84527216,74.19309168,70.24394652,69.87512612,68.11926447,77.82262225
Honduras,HND,160.4062564,169.8713754,203.5505149,188.7656668,213.9178612,181.5642497,212.3245215,226.9473329,209.6454524,245.7212733,264.0247755,197.1086801,170.8564124
Heavily indebted poor countries (HIPC),HPC,113.1936099,115.6479384,117.7594286,116.9677315,118.313613,118.2870555,118.6537786,124.8177188,128.9033139,130.041628,131.0046638,131.7906162,134.3270736
Croatia,HRV,112.8946965,113.0366879,125.3719782,115.2066521,113.1478629,132.6023681,137.3603851,116.0346177,106.7505021,97.54346603,99.61992577,100.4926964,103.2970665
Haiti,HTI,138.9351705,140.2596276,138.6514273,138.8059724,138.7804905,138.8236502,142.3845039,146.0906653,149.8709588,155.6178477,158.9903334,159.5877649,159.9171526
Hungary,HUN,83.30878791,89.79210442,97.51171732,97.27756123,106.4009837,108.5251366,108.045614,88.03378896,88.90567421,91.50631964,93.26469041,109.0267941,104.9266013
IBRD only,IBD,104.9608125,108.295514,114.0409179,115.1876105,115.8557183,115.4528466,114.9795143,113.6363248,116.9374145,117.4032227,116.3657477,116.7646071,117.8668648
IDA & IBRD total,IBT,103.4507421,106.1707428,112.0988599,114.4447457,116.1512363,115.4182671,116.7886365,113.4698463,116.2415387,116.5871226,116.3061339,117.4070515,118.7797691
IDA total,IDA,98.5175263,99.2671697,105.8352967,112.0762916,117.081296,115.3112485,122.273995,112.976972,114.2370223,114.3042382,116.1447324,119.0871706,121.0869038
IDA blend,IDB,78.0570492,79.09494352,80.6007048,81.87314846,80.27236194,79.00123156,111.1949065,78.4667316,89.76191865,90.25451241,96.81504497,103.5873381,104.0470441
Indonesia,IDN,118.0985265,118.1771952,125.3345395,129.6603589,119.8174161,120.7562569,115.8951753,115.9127402,113.4646137,110.4384682,106.4162128,104.4848618,104.5783905
IDA only,IDX,108.9911169,109.6083011,118.7909668,127.6034239,136.0438169,134.0566763,128.0038784,130.8383732,126.9035318,126.706505,126.0588608,126.9894836,129.7236602
Isle of Man,IMN,,,,,,,,,,,,,
India,IND,93.56971684,103.2071621,114.8113277,124.7176192,125.5397986,126.38054,118.543754,114.758635,118.8006132,123.0414225,123.9089146,123.0892823,125.7822737
Ireland,IRL,75.65050877,78.73669818,84.45451094,87.85206867,90.51524854,76.70118609,61.05401954,53.32723905,60.11923649,61.75195649,62.7603282,74.65999864,74.09927687
"Iran, Islamic Rep.",IRN,177.4679434,172.2028881,163.2279723,158.5950831,146.8197937,150.0837193,166.1362455,142.3481016,160.1981815,176.1000614,175.958187,207.9420157,207.3366534
Iraq,IRQ,114.0977529,116.3587915,118.1798366,115.6609064,114.0574887,114.0137643,129.5173862,144.0711127,160.4538495,178.5829618,198.1560974,198.3247235,197.3333359
Iceland,ISL,32.33932707,89.90797555,43.38857995,70.72023527,87.2961023,81.84955034,82.57319531,60.26852396,76.3072008,58.81827045,82.84218844,57.32993956,51.87509595
Israel,ISR,99.83637923,102.7391051,111.6120726,109.6781703,113.1711,112.7659502,109.6383557,88.57087777,91.36632958,98.32678149,109.7223376,102.1786879,110.1718318
Italy,ITA,134.1558045,131.2906597,138.7318255,128.1945617,132.3298906,127.1266803,130.8218427,122.8400587,109.2418906,118.1251172,111.0466624,105.9810637,107.8802879
Jamaica,JAM,153.2178319,159.0726207,167.7248594,181.8073099,184.5759971,209.0109035,177.2178855,166.7869217,166.8789524,167.5138602,161.2763489,159.3090734,160.3415452
Jordan,JOR,163.946618,156.9364349,177.2782554,199.7701579,200.7994158,231.9029271,228.2078209,222.9459068,203.2050321,195.0391007,193.3275904,209.7441032,206.0997742
Japan,JPN,78.37134545,73.4243064,76.59853549,73.60273483,82.79557006,85.72451585,84.92417396,82.77545255,77.82265563,79.45067077,85.63439063,81.19327415,77.81061359
Kazakhstan,KAZ,125.3805084,127.4589772,120.2325635,120.8161829,121.7030842,122.6389875,121.4796119,149.1709683,119.7696282,120.8962436,176.458481,117.1617251,117.6437079
Kenya,KEN,141.8383688,134.0842594,129.3710714,124.3754619,118.0218379,112.3892269,103.2112845,95.67183487,99.01512524,100.0462884,98.71631229,98.64151689,99.38879088
Kyrgyz Republic,KGZ,110.0798967,120.3026082,131.7157897,121.4440507,119.9185454,122.8765815,124.7078394,126.1912624,139.7718545,136.9642166,124.5513076,131.7095504,142.4295215
Cambodia,KHM,110.461538,108.5346235,107.1661221,109.0586143,108.4745761,103.4432184,94.91289497,81.26385502,76.82737055,79.59296256,78.48672863,78.59154928,79.51450835
Kiribati,KIR,,,,,,,,,,,,,
St. Kitts and Nevis,KNA,,,,,,,,,,,,,
"Korea, Rep.",KOR,76.95751482,79.47055275,82.03247355,77.15731562,79.3296111,64.28639581,70.6032693,74.28725159,81.96874711,69.5771641,90.60921313,96.05192547,83.82958626
Kuwait,KWT,238.0100786,220.9553862,184.4867325,186.6626431,218.2010104,185.1862975,193.758539,185.9562861,119.2211773,127.221993,133.9120085,130.6771572,132.6311642
Latin America & Caribbean (excluding high income),LAC,146.8857737,152.1952179,159.8394385,146.7409226,152.3380746,148.8188633,150.7242714,146.9335085,145.6936121,150.2621282,146.7054247,141.9812192,144.3587886
Lao PDR,LAO,82.9792511,85.61809454,87.88150896,90.43272489,93.86039078,95.55669583,93.14121285,88.53569436,88.55490918,90.42923642,90.63953426,90.81291974,91.25560456
Lebanon,LBN,89.35230046,87.7782912,86.68506161,85.78935594,85.7216366,87.12553766,108.8536922,133.0691539,133.2184949,133.6347712,134.6918051,136.1802924,136.9201687
Liberia,LBR,160.213269,159.9064392,161.2823254,158.3059451,155.2297976,153.8461458,151.7594761,156.9466217,159.771932,160.2981532,161.1727398,161.8131863,161.2434381
Libya,LBY,151.4612232,152.8153406,151.9413891,152.5179369,152.6487791,153.9451128,156.1463298,155.0437577,154.1701786,148.5175395,152.6975978,152.8997795,154.4005628
St. Lucia,LCA,145.835168,167.3026006,120.1960033,128.077608,136.6480189,152.7691767,118.4567752,106.2530049,106.9436142,109.6041613,118.0749084,113.2397636,120.2470835
Latin America & Caribbean,LCN,146.382137,151.8249857,159.1866674,146.8449594,152.0062875,148.6201304,150.4661107,146.2924046,144.9242228,149.4998064,146.0621074,141.6917317,143.7883664
Least developed countries: UN classification,LDC,107.0769819,107.1420888,115.5296659,124.4498619,132.1424151,128.9215031,124.1344426,124.7455424,122.8690968,122.6313974,122.2899249,123.3472621,126.0667178
Low income,LIC,109.0566452,112.2649253,114.6923005,115.984538,119.0697591,120.026396,115.1774341,121.0034576,121.3064237,121.5826881,122.9504303,125.4328455,126.8143931
Liechtenstein,LIE,,,,,,,,,,,,,
Sri Lanka,LKA,151.255153,164.8313303,174.5137061,183.9252188,162.4127922,166.5223361,179.8841674,164.7837569,154.4343602,194.0820709,166.6933912,207.5801556,211.289569
Lower middle income,LMC,100.3690924,104.4417587,115.1160182,122.2140209,124.163548,123.4810805,125.0684387,118.1775151,122.0923354,119.5795857,119.3993301,118.7508791,120.8692266
Low & middle income,LMY,103.2197303,105.9257879,111.8227129,114.1652133,115.8723286,115.0578976,116.3935867,113.2649447,116.0174625,116.3352523,116.0526831,117.1755639,118.5964494
Lesotho,LSO,155.5541197,154.728096,153.4749148,151.7450358,152.320439,152.9626732,153.1630321,150.0455519,149.6551722,150.4646373,149.3720597,145.4561051,143.2642123
Late-demographic dividend,LTE,96.72299535,98.18608361,97.82411036,97.63375827,97.91172289,96.93195332,98.62116073,98.4607028,100.0569118,102.6840258,100.7618705,102.4734702,101.7521467
Lithuania,LTU,110.0934764,147.9875958,73.66684381,96.877742,99.87978277,149.4852729,107.0159296,63.76708753,81.06186781,84.09422836,76.33472404,88.52673028,95.28340248
Luxembourg,LUX,168.766398,126.2167995,185.9981712,138.7421979,90.16706598,128.5692965,190.8577467,106.4664268,58.44036056,156.0683687,99.63929292,59.01133089,70.74929989
Latvia,LVA,100.7793826,164.8010377,197.0953265,143.6978625,134.3668895,90.59541175,93.35851093,80.17338553,93.00910723,97.67040517,105.7926123,113.8934711,102.9865408
"Macao SAR, China",MAC,45.69169003,40.97296848,53.48903384,52.78187221,67.5344009,45.39781471,56.97261602,59.76473254,45.06912695,66.98916695,62.50924714,55.32938781,62.95994694
St. Martin (French part),MAF,,,,,,,,,,,,,
Morocco,MAR,92.89970877,90.84471527,91.47471503,88.61594902,81.06958853,80.1154972,84.3192015,84.16115191,87.11275382,95.97707734,103.858232,93.95418111,85.39493166
Monaco,MCO,,,,,,,,,,,,,
Moldova,MDA,72.32820377,89.51154647,81.21782867,95.32690503,87.86509602,89.77738642,119.7276179,93.59534139,73.92402384,110.0681037,103.6221207,105.2349845,104.7550046
Madagascar,MDG,135.7935758,170.5982501,183.5720128,194.72486,190.7296432,192.691507,194.1355981,182.1052646,171.1864421,135.589064,104.4943852,107.9812175,111.9612577
Maldives,MDV,127.9982622,133.7851714,130.4397259,116.8921265,121.669808,123.7769294,117.0968233,109.8768553,106.8761283,106.9026758,102.7425757,99.1397467,96.13533946
Middle East & North Africa,MEA,146.2373884,144.7822716,159.337154,160.7131402,170.4415152,179.9683551,189.2815231,202.4607341,215.1186875,192.0968342,184.6660174,187.9968354,184.5869035
Mexico,MEX,165.419043,175.0754879,181.3391939,132.5369721,126.8238965,125.2914064,123.9525266,118.416852,112.4610304,115.6871293,115.6891469,122.8298392,121.2564253
Marshall Islands,MHL,,,,,,,,,,,,,
Middle income,MIC,102.6195633,105.2675938,111.5211556,113.9709268,115.5247625,114.5060984,116.5320502,112.3591449,115.3793555,115.6817318,115.1631932,116.0712714,117.457283
North Macedonia,MKD,100.799457,102.3772433,104.6944962,105.0350682,103.4278699,101.4531946,102.9382679,112.7266572,98.94772464,98.53022952,93.76857886,97.06913824,105.65932
Mali,MLI,134.3379776,148.0383098,156.4794518,148.9353579,138.9686318,131.2626922,146.7550765,163.1233466,182.3302865,146.2124187,119.9952739,99.88019083,82.11821197
Malta,MLT,84.66130188,125.1961492,94.82894904,98.58687911,87.71051481,79.02815218,76.32750049,77.3678387,81.71879805,93.65750612,108.9887682,68.65888066,70.3860826
Myanmar,MMR,105.0000046,107.8674006,111.0994773,113.4700615,117.4984544,121.2038263,114.4211279,106.7717416,108.609657,109.4873312,113.0354998,118.661516,121.7861906
Middle East & North Africa (excluding high income),MNA,144.5767849,142.368134,157.8857249,158.8344623,167.968002,174.923292,184.1621287,196.9530692,209.5683619,179.6513973,171.0303066,174.6932895,171.6514361
Montenegro,MNE,134.445988,134.7595148,135.4165229,135.8325036,126.2924724,117.4478287,114.8428791,115.7595196,113.7804228,109.2926799,84.58505592,88.06108415,98.87746896
Mongolia,MNG,90.27765179,83.66098142,86.13945393,87.51674822,89.18984577,90.88100106,82.00441044,111.3892124,92.48384123,97.73724427,115.2344238,147.9467526,106.802425
Northern Mariana Islands,MNP,,,,,,,,,,,,,
Mozambique,MOZ,49.14414175,50.09091988,50.66800791,53.0296826,54.44230316,55.92543181,59.0628154,64.89394579,69.51372903,74.58807609,83.16119652,89.85666956,94.32796604
Mauritania,MRT,110.8563383,113.5637149,117.7563993,121.2985525,121.2359072,119.4309262,117.4707477,114.9511162,116.8147951,118.8457363,121.5183681,121.3997583,120.8175369
Mauritius,MUS,122.7722799,133.8379357,146.0293202,164.7903918,172.2459149,157.2150296,168.961092,147.920325,154.9653997,157.4653728,163.7644773,173.2930742,166.3466522
Malawi,MWI,143.5987295,144.1805222,144.832527,147.05474,145.1769479,143.5705263,139.4962853,135.9377127,131.430541,123.3429721,119.8930533,117.6168673,116.7504227
Malaysia,MYS,107.6345716,97.90904987,107.3644815,104.3128339,101.2018572,108.3874113,112.2685618,106.0624671,106.3642384,117.504362,111.1214909,130.6601642,125.3060273
North America,NAC,85.57093466,84.64023844,86.08123708,81.38595207,85.99833102,81.84776846,78.03726168,73.40242844,75.82826993,83.17973002,82.7556901,81.5545766,83.33190981
Namibia,NAM,124.2605368,127.8843936,131.5417046,131.3110983,129.9257107,129.0061126,128.4128802,125.807455,126.4199783,131.4312259,136.1244598,126.6925071,120.9340628
New Caledonia,NCL,123.6103417,125.0331519,127.6823997,129.663695,130.7617569,133.1613861,130.7138542,122.2747617,118.1261107,120.8309909,115.1070956,109.906008,107.1250822
Niger,NER,46.88168222,48.97370811,49.34041019,51.08132957,48.08317044,44.0944881,40.54448338,38.18920333,34.24242256,22.82913243,21.05263158,21.22052619,20.97004352
Nigeria,NGA,82.10631181,82.50572736,81.80066824,81.38475754,80.83825984,81.54806944,82.0305828,83.94482106,85.77528005,95.11138313,105.4610322,120.9346284,112.8610925
Nicaragua,NIC,133.243541,133.4774395,173.074648,142.122929,119.0007264,136.8376833,154.668219,145.3850786,148.8423783,158.6725739,163.8735907,155.1470575,208.6393155
Netherlands,NLD,111.6413125,97.23136878,102.8491821,104.275946,116.304344,110.8348072,96.6424207,85.75242484,97.39139746,91.18660724,98.76816324,95.35435706,105.6138909
Norway,NOR,90.20870377,92.57129302,84.35839495,88.29875664,97.86774787,80.37943514,79.32987626,75.23480825,68.5242629,80.20680607,70.12225763,70.58989227,72.80459243
Nepal,NPL,56.16817754,57.73195731,56.85963593,56.56843506,56.02409794,55.25083429,55.29081636,57.67510974,60.00625569,60.12403311,59.9577566,60.5036856,61.30853558
Nauru,NRU,,,,,,,,,,,,,
New Zealand,NZL,98.90026129,102.8411833,116.8672011,109.0268162,110.785352,102.2123824,93.51661534,108.3515688,105.1799668,88.86231528,105.2075528,105.4933907,109.8002227
OECD members,OED,101.8889615,102.2665801,105.2905439,99.08732618,101.7924815,99.78255014,97.02994339,90.01980085,91.69002943,95.7825873,96.07166854,97.2064441,96.01798957
Oman,OMN,146.6674084,138.8696805,143.8806881,154.2646424,169.4018552,182.8212631,191.038562,208.314303,229.2653589,253.1596837,288.8002066,336.9616642,357.017288
Other small states,OSS,145.9666829,150.5764823,153.9257847,158.6116487,180.2128309,209.9106656,206.0505209,215.7274449,252.0558086,296.6531778,215.225526,239.8496377,218.4395656
Pakistan,PAK,49.3690839,52.00320318,56.09136756,60.50496154,58.33333622,54.76451334,136.8085124,52.90745707,78.83636301,72.93675781,82.20037756,86.68042901,95.26190736
Panama,PAN,162.589102,165.9275005,172.2937263,173.209803,177.4896898,191.968416,196.2126697,179.1073628,180.2615794,162.7036407,168.2106427,179.9137462,147.0194165
Peru,PER,93.60154514,79.57242008,109.9194535,97.44826928,120.5623628,98.29206593,114.3112507,89.84198714,98.71760542,95.75289672,129.9080023,100.0448738,103.6839298
Philippines,PHL,149.3346975,147.6072431,147.7473988,145.0094158,140.3444693,140.9684076,143.0745968,143.0100248,136.502288,143.0101022,142.1155159,139.7000512,135.3066777
Palau,PLW,,,,,,,,,,,,,
Papua New Guinea,PNG,68.81066113,69.46366299,67.97445058,67.31220642,65.76673868,67.13694842,64.19783821,66.80235283,69.45685745,57.23782437,56.93069439,57.59196076,59.98295012
Poland,POL,104.3040972,106.6430817,107.2814941,107.6593335,112.0576915,119.6235355,131.0053499,105.7349968,113.5183425,121.9964337,124.3751037,118.5516408,112.3439832
Pre-demographic dividend,PRE,98.6227215,100.7843135,101.0797827,101.2015371,101.6564165,101.9231459,101.5371097,107.0463345,111.5008937,113.8890852,116.6948244,123.1196047,121.5423812
Puerto Rico,PRI,98.03404301,95.89724201,86.88062849,83.69390278,94.13676275,77.50724931,74.20762921,72.52327625,67.75497851,70.02659067,72.86444137,72.26223055,71.33576251
"Korea, Dem. People's Rep.",PRK,83.59010332,82.91828843,82.98346065,81.78345638,80.42601953,79.53562999,78.62710825,80.89496681,81.508122,81.24137925,81.37707991,81.85800519,81.35672159
Portugal,PRT,132.0769137,155.2617007,126.4354963,138.0601864,123.9613374,146.9492685,149.0876981,113.6053701,111.0920985,109.2657013,106.7863871,107.5531606,103.3176769
Paraguay,PRY,172.017094,170.2609151,220.4740692,173.9413156,162.9919489,219.8841756,186.5764384,164.3569592,176.967857,201.9992677,179.2285652,143.6644135,189.2861403
West Bank and Gaza,PSE,82.23555441,98.87279068,113.530358,131.1847737,124.4284223,124.6431091,120.951029,126.4836685,135.5256655,167.3788206,181.1074433,176.1730807,157.9022885
Pacific island small states,PSS,164.5776542,165.7250402,170.6198023,173.2095224,169.9425431,163.2186494,161.0755704,149.862796,145.9748898,144.1458035,142.7025245,144.4592762,147.4584071
Post-demographic dividend,PST,93.23956048,91.50996133,92.5715902,91.25361549,95.0688647,93.14879651,89.70611235,82.96403376,85.44702438,88.1448139,88.1469341,88.14123797,87.94522155
French Polynesia,PYF,133.3128272,130.3482117,129.1550072,126.8374781,123.8722014,122.4057254,119.0291359,110.7997669,111.1349376,117.852777,116.1426564,115.1551748,116.4346972
Qatar,QAT,246.926654,259.5575455,287.7810284,380.6122385,585.0472192,1061.205567,827.0632988,1331.086964,2109.498605,2511.641596,1129.942683,1426.424854,1147.508308
Romania,ROU,99.69152245,104.9028966,74.9194867,85.89917457,90.68763819,88.86577634,97.39484234,94.94179471,99.97252132,98.65960651,103.7462721,106.1385579,104.7852359
Russian Federation,RUS,116.9227554,113.7302419,116.2435286,117.0005511,109.002868,99.87521042,114.3701673,104.1869468,103.8031183,103.3086558,105.0465592,110.3112609,106.4357864
Rwanda,RWA,74.47257227,80.41443236,87.4399474,91.33803449,93.17829903,95.12843666,103.2448371,122.465955,135.1679747,145.7325746,158.5029012,171.5000046,182.3785496
South Asia,SAS,89.64097757,96.3333251,109.168585,121.5311254,124.8323995,123.6497066,125.128259,111.2212375,114.884864,117.5218453,118.8422066,118.5724456,122.5252146
Saudi Arabia,SAU,164.0417288,167.3844889,168.6168647,167.6535296,167.6803553,186.0386175,211.0886416,235.3494195,227.3428168,225.4345377,296.1331254,267.9100392,273.3139474
Sudan,SDN,133.2886441,132.7902245,133.9727048,135.2692813,138.4598475,139.720028,140.2286273,213.9485285,213.851703,214.2195185,209.019956,212.4951224,217.1505832
Senegal,SEN,167.5573676,172.0629053,169.8370318,171.3438964,171.266667,182.7034801,192.4386241,197.9437451,211.0800626,226.7428589,196.7010375,166.5579808,141.745497
Singapore,SGP,234.3970542,253.3264618,222.9450038,199.5678954,179.6879863,159.7402645,186.7252369,166.9570664,163.2136766,181.6970892,184.7781683,214.3303764,187.070636
Solomon Islands,SLB,81.68678721,86.70865004,89.83849868,92.83667465,90.50009437,88.70696655,89.89637439,86.59207642,91.22689739,97.37725545,95.1692713,93.3217491,92.18455807
Sierra Leone,SLE,49.28184319,48.95861912,48.68569572,48.02313289,46.60093309,45.12363531,44.21705131,45.72794355,47.61755805,48.11155899,45.10714403,42.25821263,41.67780159
El Salvador,SLV,59.90546453,54.45864607,60.75033723,71.17442533,63.0064265,63.13607839,74.6581083,89.47477841,130.2082228,114.3186771,112.8380957,133.6492274,91.02577284
San Marino,SMR,,,,,,,,,,,,,
Somalia,SOM,111.8455274,111.6376173,111.9885131,111.6307767,111.2080967,111.2236668,110.9198455,111.6656901,112.2301874,112.1114305,112.2994425,112.6570356,112.7226514
Serbia,SRB,99.34289863,91.3353756,115.4933882,119.0108442,127.7672115,117.9584924,134.2730937,114.1743958,104.7431903,119.5851319,119.0792175,128.4096883,109.2663793
Sub-Saharan Africa (excluding high income),SSA,108.4251867,109.8132129,111.2406406,110.660783,111.0426963,110.4961825,109.8064584,113.290089,116.0186064,117.4481376,118.3798442,123.1126361,122.3190405
South Sudan,SSD,85.82981873,85.67611059,85.85067532,85.64272054,85.54073425,85.52722241,85.48330719,85.96736108,86.07535405,86.0152317,86.9280371,88.3550038,88.72694791
Sub-Saharan Africa,SSF,108.4251867,109.8132129,111.2406406,110.660783,111.0426963,110.4961825,109.8064584,113.290089,116.0186064,117.4481376,118.3798442,123.1126361,122.3190405
Small states,SST,148.1921819,152.8675638,156.3012325,161.1358571,177.4327128,201.9696397,196.2555358,201.4876207,230.3373016,265.6382938,201.1031642,220.4155398,207.5110862
Sao Tome and Principe,STP,203.0017044,231.4998383,206.5078304,219.7338706,214.5392738,216.1818892,226.8219325,222.0657051,228.3635936,227.0196913,226.3755713,222.7043642,222.2592549
Suriname,SUR,240.187167,241.8881667,245.0497386,243.0594651,239.0477533,248.8182266,248.0665613,239.2416035,335.3120829,281.2810618,212.7112853,207.2688972,390.6758579
Slovak Republic,SVK,94.0220546,88.4293741,87.40521054,92.86817853,101.9631476,98.67901576,106.8256428,95.28163225,92.18169859,102.0359682,93.05563265,90.49363133,102.2115203
Slovenia,SVN,122.309902,140.3852043,157.6909367,121.7594458,142.9369841,118.6259907,112.8694925,95.99453362,89.89984125,111.0167888,102.3179664,117.0237058,109.517921
Sweden,SWE,92.61995136,84.90969481,86.80713449,99.18144472,105.3327533,105.5555516,105.4196518,90.62104541,91.6400689,95.5960512,88.7230395,90.03339647,88.722402
Eswatini,SWZ,110.8319311,111.9262546,112.0895289,112.6966944,113.7155273,113.5456743,113.1221991,113.6667135,113.9560606,112.9775245,113.1882401,114.4056985,114.3973386
Sint Maarten (Dutch part),SXM,,,,,,,,,,,,,
Seychelles,SYC,,,,,,,,,,,,,
Syrian Arab Republic,SYR,194.5380406,211.7574159,244.4717067,286.9080693,336.9043825,373.6168916,280.2523664,361.3321834,266.4372171,259.7897642,249.9326489,244.598421,254.3756409
Turks and Caicos Islands,TCA,,,,,,,,,,,,,
Chad,TCD,78.92598782,76.26841074,64.02630159,62.02830532,65.99271073,68.09045033,70.18299289,82.07605805,87.52015237,87.45980999,94.38682097,97.98164771,103.1275991
East Asia & Pacific (IDA & IBRD),TEA,91.47004104,92.11249123,92.48734369,92.57220184,91.60878517,91.05962496,90.42585851,90.64022007,91.6603571,93.00802695,91.88161053,93.1304791,93.70018218
Europe & Central Asia (IDA & IBRD),TEC,103.056294,103.7486183,105.7553745,106.7135323,105.4839381,101.3464133,107.5082428,102.1976833,104.055103,107.8018418,111.2319401,111.0905932,109.1706988
Togo,TGO,66.69303816,66.49827126,65.78300403,64.4729683,62.40491246,59.51557153,59.62974888,62.84482828,63.48267132,64.27940073,63.68602535,65.10922045,64.16131694
Thailand,THA,93.19594537,105.1831605,93.6976525,91.90957814,117.2082885,92.92482711,95.12967167,106.965296,144.053458,171.892355,131.383396,148.220206,150.7924493
Tajikistan,TJK,89.39104852,89.24783072,89.10462392,88.62002751,88.42133173,88.47224084,88.34035011,88.17106843,88.49370485,89.30318953,89.60748127,89.89300869,90.09294425
Turkmenistan,TKM,74.60180204,72.89206544,70.91753516,68.57067299,65.49535213,62.22961862,59.25659162,57.9024176,55.58444465,56.7607762,57.0306254,56.92550474,56.69102467
Latin America & Caribbean (IDA & IBRD),TLA,147.0992844,152.5180556,160.5943301,148.0787132,153.2641649,150.0514999,151.6103675,147.4482057,146.2498054,150.8473911,147.3822739,142.8382132,144.8033145
Timor-Leste,TLS,154.7281663,154.662494,158.8392812,164.4726866,168.1752437,179.0776316,191.50443,201.1090431,206.6752081,208.6987537,207.157149,204.6463072,205.7226983
Middle East & North Africa (IDA & IBRD),TMN,145.1706591,142.7862068,158.3187648,159.1106635,168.4170992,175.4615844,184.8682116,197.7743496,210.4673187,179.8063801,170.8979424,174.6731171,171.8450079
Tonga,TON,215.1874068,206.4808791,231.4276343,278.0729969,383.7687443,407.582363,451.7702142,417.547685,416.2061801,417.2358571,403.5162486,388.3280941,416.3335104
South Asia (IDA & IBRD),TSA,89.64097757,96.3333251,109.168585,121.5311254,124.8323995,123.6497066,125.128259,111.2212375,114.884864,117.5218453,118.8422066,118.5724456,122.5252146
Sub-Saharan Africa (IDA & IBRD),TSS,108.4251867,109.8132129,111.2406406,110.660783,111.0426963,110.4961825,109.8064584,113.290089,116.0186064,117.4481376,118.3798442,123.1126361,122.3190405
Trinidad and Tobago,TTO,125.3929504,133.5507598,136.1401262,131.2751823,134.1968917,137.3380573,129.2666542,120.821476,118.9827923,166.4031628,140.7720951,148.8249338,153.8918712
Tunisia,TUN,83.15360906,85.50612001,87.69356818,89.05638245,95.18166235,93.14647754,96.0185093,97.6751639,117.1423552,110.47371,115.3255411,111.7963169,109.3593308
Turkey,TUR,86.49654099,90.77266935,103.9302848,108.0360064,111.9608217,105.0060727,105.5722658,99.96399901,109.9914253,124.1963159,124.18411,129.199067,123.4344053
Tuvalu,TUV,,,,,,,,,,,,,
Tanzania,TZA,96.92960549,106.2660084,117.5127392,129.9798781,148.2377057,134.5285163,116.5128913,98.61591054,114.9471411,136.8319663,140.0983509,150.0877182,150.1848766
Uganda,UGA,141.2130952,144.5780727,124.8596279,107.4677455,108.1212161,114.0419196,115.5028666,118.949637,122.1410185,125.753489,128.382704,158.9463597,156.5752041
Ukraine,UKR,96.4975732,95.8914656,96.41761414,94.61159949,96.6483964,92.23444267,93.20603748,76.01612067,93.54153052,94.66860795,90.6495854,89.76542848,94.53407028
Upper middle income,UMC,105.1800145,106.1996445,107.4869088,104.7144034,105.7854968,104.3023119,106.7007915,105.5417456,107.3379627,110.8777479,109.7589259,112.5203008,112.7657865
Uruguay,URY,131.2896505,133.1201468,139.8726668,135.382321,146.3911904,149.026123,157.1960386,154.6831913,154.7450148,145.3217939,158.9030021,149.6355435,148.2502685
United States,USA,86.57902382,85.4626593,86.82907262,82.0460357,86.52315662,81.830166,78.06689274,74.07872456,76.16346832,83.82005638,83.12489305,81.66547692,83.73013167
Uzbekistan,UZB,104.7959782,104.4190186,105.1572603,105.5888065,105.302955,105.4558108,106.4420145,106.104581,105.4205796,105.9753537,106.393769,106.248527,106.430009
St. Vincent and the Grenadines,VCT,100.4345647,102.0944649,101.5273853,100.5873278,101.5453775,101.2915174,99.24252297,98.30019448,98.17870377,99.69060938,101.1890764,102.4629423,102.4512316
"Venezuela, RB",VEN,141.6033327,150.3330277,146.3070469,127.8951162,148.0338334,129.51714,123.5815958,146.9805485,140.73829,130.1892719,150.8270714,163.1956465,159.7268228
British Virgin Islands,VGB,,,,,,,,,,,,,
Virgin Islands (U.S.),VIR,137.5368362,139.2246521,142.6929999,144.5210869,145.6209252,148.3316055,144.7325812,134.3635356,135.7303334,146.9431776,147.0321595,146.9108101,150.2016992
Vietnam,VNM,103.8852966,115.4844628,110.290674,104.6080181,98.10001888,93.19228521,90.62647,91.04052761,96.63250334,94.59209057,97.07357811,96.80555542,101.5970237
Vanuatu,VUT,99.39131657,102.8750307,107.0409054,108.134014,111.3719807,112.3522728,113.3093868,110.3704433,106.8780573,104.7576657,104.0586014,104.8217826,105.4375572
World,WLD,102.4758023,104.737014,110.1013753,112.13696,114.1956364,113.5652881,114.4976054,111.0527937,113.8142707,114.6921422,114.4949826,115.4704799,116.5330649
Samoa,WSM,157.1428571,158.5768082,160.0370108,163.9733593,164.8103452,165.3944695,167.9393474,159.9553375,158.8403161,167.6175036,160.5832616,157.6943121,159.6093604
Kosovo,XKX,,,,,,,,,,,,,
"Yemen, Rep.",YEM,79.09389411,84.00354987,88.92435636,94.33046187,99.04909038,103.9896593,109.4809894,115.4592887,122.3226502,125.5685143,131.8843767,140.9652585,146.2884151
South Africa,ZAF,121.7431458,118.9274327,129.5483316,130.0604593,128.6845618,128.4474398,120.7200012,115.8208624,113.9301394,118.6104089,118.6812017,115.5884839,115.0904939
Zambia,ZMB,93.66330455,95.39244404,96.71365091,97.42451939,98.58086356,99.07679171,99.47076155,100.1540427,100.9509608,99.64626385,98.59433583,98.69425286,98.2364625
Zimbabwe,ZWE,93.92977368,104.7904144,116.7734482,115.1560175,113.5601063,114.5641557,117.3499331,124.7853771,127.4010593,127.9594323,125.463953,125.6621686,125.7938011
